id;resort;begin_date;check_in_time;check_out_time;video_co_start;video_co_stop;insert_date;update_date;expiry_date;end_date;fiscal_start_date;fiscal_end_date;reconcile_date;payment_date;keep_availability;budget_month;save_profiles;long_stay_control;credit_limit;number_rooms;number_floors;number_beds;rhythm_sheets;rhythm_towels;warning_amount;decimal_places;font;copies;default_folio_style;individual_room_warning;group_room_warning;aging_level_1;aging_level_2;aging_level_3;aging_level_4;aging_level_5;zero_inv_pur_days;min_days_bet_2_reminder_letter;insert_user;update_user;currency_decimals;name_id_link;sgl_rate_1;sgl_rate_2;dbl_rate_1;dbl_rate_2;tpl_rate_1;tpl_rate_2;sui_rate_1;sui_rate_2;meet_space;img_hotel_id;img_direction_id;img_map_id;script_id;com_name_xref_id;path_id;xresort_number;max_credit_days;currency_divisor;latitude;longitude;qty_single_rooms;qty_double_rooms;qty_twin_rooms;qty_suites;qty_guest_room_floors;qty_guest_elevators;qty_non_smoking_rooms;qty_connecting_rooms;qty_handicapped_rooms;qty_family_rooms;max_adults_family_room;max_children_family_room;restaurant;meet_rooms;tot_rooms;br_seats;meet_seats;max_no_nights;awards_timeout;guest_lookup_timeout;wake_up_delay;max_occupancy;inactive_days_for_guest_profil;per_reservation_room_limit;lic_room_info;thousand_separator;date_separator;ar_acct_no_mand_yn;exchange_posting_type;inventory_yn;allow_login_yn;access_code;disable_login_yn;int_tax_included_yn;download_rest_yn;translate_multichar_yn;external_sc_yn;send_lead_as_booking_yn;mbs_supported_yn;quoted_currency;com_method;email;genmgr;dirsales;leadsend;airport;com_address;season_1;season_2;season_3;season_4;season_5;floor_num_executive_floor;crs_resort;post_code;default_reservation_type;jhi_block;currency_symbol;source_commission;ta_commission;base_language;folio_language_1;folio_language_2;folio_language_3;folio_language_4;package_profit;package_loss;decimal_separator;short_date_format;long_date_format;passerby_source;passerby_market;ar_company;ar_agent;ar_groups;ar_individuals;ar_acct_no_format;allowance_period_adj;currency_code;turnaway_code;summ_currency_code;default_property_address;default_guest_address;license_code;time_format;chain_code;resort_type;hotel_type;ownership;ar_bal_trx_code;ar_credit_trx_code;ar_settle_code;cash_shift_drop;check_exg_paidout;check_shift_drop;check_trxcode;currency_exg_paidout;deposit_led_trx_code;fiscal_period_type;default_commission_percentage;default_prepaid_comm;default_trx_comm_code;configuration_mode;weekend_days;default_groups_rate_code;default_posting_room;dflt_pkg_tran_code;dflt_tran_code_rate_code;default_rate_code;cro_code;flow_code;ext_property_code;opus_currency_code;destination_id;flags;tourist_number;catering_currency_code;default_ratecode_rack;default_ratecode_pcr;fns_tier;brand_code;webaddress;vat_id;street;hotel_fc;meeting_fc;ar_typewriter;file_transfer_format;confirm_regcard_printer;directions;propinfo_url;room_amenity;shop_description;prop_pic_url;prop_map_url;ext_exp_file_location;curtain_color;country_code;state;date_for_aging;region_code;city;telephone;fax;tollfree;default_printer;videocheckout_printer;company_address_type;company_phone_type;default_fax_type;default_membership_type;individual_address_type;individual_phone_type;notes;blackout_period_notes;sgl_num;dbl_num;tpl_num;sui_num;airport_distance;airport_time;br_area;name;legal_owner;hotel_id;fax_no_format;telephone_no_format;local_currency_format;duty_manager_pager;default_registration_card;night_audit_cashier_id;hotel_code;path;timezone_region;catering_currency_format;exp_hotel_code
8a6b8bcc-381a-4754-b130-a1ecbc9ab22b;which yuck counterpart;2024-05-01T15:05:19;2024-05-01T23:31:41;2024-05-01T12:42:34;2024-05-02T07:14:16;2024-05-01T17:24:52;2024-05-01T13:56:30;2024-05-02T03:47:19;2024-05-02T08:07:14;2024-05-02T06:25:57;2024-05-02T00:02:18;2024-05-01T10:12:36;2024-05-01T13:50:53;2024-05-01T13:48:44;3889;12741;23777;31989;32085;1643;25082;25284;21224;96;15213;16682;25709;21640;31091;10182;454;29883;725;11410;29953;19470;30207;16495;3957;5994;7215;3078;26741;30070;22422;30440;30545;30095;15726;11460;27120;677;25400;2625;10183;13095;3347;21572;22826;8359;21911;20646;30041;7216;14338;9691;21224;21903;18596;12818;3802;14031;2684;3875;27203;12121;23926;11351;18035;21182;23702;20145;26508;7204;23651;29788;authority;secret;lined plot;keenly blissfully except;unless till swiftly;plot;more pole painfully;honestly boo;for following;supposing;once second;happily valuable;ah disrobe grimy;reassemble duh ick;typeset eschew dead;touch;occasional woodland lest;Chelsie40@yahoo.com;reluctantly;aw;intently mom randomise;cost at;successfully;properly;expert optimal;ick half;beyond often meh;weakly reassuringly burrow;woot jubilantly wherever;partner laugh;82975;oh chauffeur if;ha since tritone;Gs;vote eek complicated;or;besides;consequently;ugh ah versus;frankly scourge repeatedly;impanel frightening;habitat clonk unimpressively;intensely among smug;light cauterise since;furthermore ah;rosy;pheromone around obediently;dismal itemise mint;ack;breathalyze gorgeous;indeed;lest;traduce rebrand likewise;midst lest blah;KWD;sender;frightfully insecure consequently;bah;reopen whose;nor per why;hole barter feminine;infatuated whereas potentially;spellcheck hmph;given underneath;grab giddy mercerize;brr aw columnist;crossly youthfully;surname which;ding;however dragoon;huzzah supposing if;whether the humongous;highly;forenenst;budget;past;transfer drama polarize;hail spotless as;gosh painfully;dishonest bashfully;tank;by;until whereas;longingly past;generous;as unethically midst;kindheartedly;kissingly;temporariness;lively once next;yuck;drat;provided ruminate mmm;storyboard;coax embellished trick;rush what;audience;once suddenly meh;uh-huh;Sandringham Road;likewise;and incidentally revivify;excepting dilute;tinted tensely;nervously lag dear;for solidarity;acidic transpire notepad;clack reliable into;treasury;phooey cantaloupe wherever;stick;as sea till;quarrelsomely curly;BA;around drat;calorie kissingly finally;among splatter victoriously;Royal Oak;(307) 971-1771 x6832;ah burglarize;sick opposite;furthermore wherever demotivate;suitcase cleverly consequently;shrill ignorant fooey;ick mover apple;obediently socialism uh-huh;geez ack slippery;debug;across;minor-league;any now knavishly;crewmate;sprain pro;save strictly;tone;cover consequently;market booking;lovely shakily;gee judgementally;duh;methane;doe;unto;tail failing;when hm;astride pace;unless;stiff insecure;until plus whenever;recklessly boo tensely;emanate aw relinquish;smuggle descale
8bab7fae-ae36-4e7a-a2b0-9d83fe39e478;solemnly but zowie;2024-05-02T02:16:02;2024-05-02T03:56:50;2024-05-01T14:25:27;2024-05-02T07:56:33;2024-05-02T02:20:05;2024-05-01T08:36:40;2024-05-01T14:51:58;2024-05-01T22:56:56;2024-05-02T04:22:51;2024-05-02T02:36:40;2024-05-02T04:48:59;2024-05-01T19:21:20;2024-05-01T20:14:05;28631;30094;2271;27;19441;31709;2434;11615;19371;26385;3062;18057;23347;7751;22105;23146;3399;25421;5723;4495;7266;10111;23925;20466;5774;7765;29271;2534;275;9242;13312;10166;20472;20337;23456;9786;636;27930;9503;14125;24698;9700;30996;3708;29225;23632;21140;31148;14632;13531;9497;1382;19726;15376;25773;11993;26940;29318;26424;12763;14284;21100;30754;18303;8551;2449;2417;165;2910;23759;23578;12588;hollow ah;ah phooey shadowbox;considering;phew recklessly supposing;who male qua;when yodel until;jovially mysterious usher;medicate after spanish;gopher;kvetch pulley out;cotton;snoopy;geez randomize because;ha finally;sheepishly besides um;onto snob;after broker;Eladio.Stracke60@hotmail.com;empty depopulate bluster;whoa;and an if;interchange thoughtfully;modulo whoa;sheepishly defiantly whoa;wherever likewise;inasmuch;but yuck;seed swoon before;meh whirl;praise;48653;ugh;complex;₪;ah;than so;with;curvy flashy politely;vivacious worth;boulevard;exploration zone;after;architecture;muffled er yuck;never emu;yuck considering;reconcile sour;toward apropos;coaxingly cave incidentally;unless graceful;orange;how owlishly deeply;when;horrible because;CLP;caucus perfect noisily;that perky at;or dresser;tightly;pawnshop duh wet;sheepishly contend;brew blissful dearly;enormous;off that donor;gingerbread;um these ew;hairy partially talk;our devoted where;save sour;winged;ha toward at;profuse hence;ew;since pfft tightly;after degree;fawn physically;snow toreador;really monotheism potentially;given dear where;or including with;abaft;after;beneficiary suffice;though boohoo about;phew relieved;fooey anenst yippee;yahoo gee;redirect read;towel where behind;abnormally qua restate;gosh though pfft;yippee heater incidentally;ack when;rightfully yahoo;quaint naive redial;lest shepherd;physically;phew mutter inasmuch;gosh grounded;Alvena Wells;tavern when;meanwhile;mechanically forenenst foolish;neatly meanwhile athwart;delayed married;till;mourn crazy;with;gadzooks like consequently;extirpate instead disgusting;not seagull;wherever murky;crossly;SI;hand baby;visor plus;bundle lunge blast;Bahringerchester;(889) 590-1246;garage until on;gadzooks;between;aw bulk;handicap unless with;aw;less fedora overreach;shin;configure unbend captain;ack unbearably;drat adjustment;into;herring striking;knowledgeably belated;um fooey;hug;wrong now woot;inwardly;webbed underneath;times;bowed principle;gosh readily;wholly breeze;anti;shed kaleidoscopic tense;for rotating happily;hastily what;ouch inasmuch shimmering;hmph low solid;ha;prairie;which duh outback;fizzle
e1a47de8-f435-4586-a72d-3a51926a3c48;huzzah;2024-05-01T23:10:50;2024-05-01T17:15:29;2024-05-01T13:38:03;2024-05-02T01:36:12;2024-05-02T01:48:13;2024-05-01T14:16:30;2024-05-01T08:54:47;2024-05-01T14:32:05;2024-05-01T17:58:00;2024-05-01T21:21:17;2024-05-02T07:50:14;2024-05-02T02:15:03;2024-05-02T04:58:35;30035;1023;14351;9099;18395;23037;5932;9190;16127;27231;12123;369;24571;3847;20188;10922;19486;16230;16298;32349;15693;18568;21214;24273;1621;15904;13540;13117;14920;24554;3671;25292;23606;15911;3519;9761;11790;24483;4246;29015;25834;27808;26588;11819;25129;19741;15729;20446;13172;19206;26437;22616;32428;25418;7904;1576;4280;25322;17412;30471;16736;29460;4078;824;6614;4472;5875;8818;1950;20978;29396;31927;medical yum transpose;since quizzically jealously;stale hm;kissingly huzzah aboard;truthfully;apparel courteous;kiddingly;zowie gallon gah;worthwhile whoever;until because late;psst;star;liquidize wisdom;yowza unexpectedly;feast eek;happy-go-lucky;powder;Pete.Champlin@gmail.com;meh well-groomed;huzzah;honestly gah;er;misplace amongst unveil;gently until;semester keenly whoever;delightfully gyro;but sedately redress;highly;um;who happily;66491-6217;tech incidentally;yowza;KM;blah circulate;corsage that excluding;anaesthetise hand hexagon;poll;fume flat incidentally;meanwhile readily evergreen;phony speedily;wherever well-informed mmm;supportive so tedious;manage;hmph nor aside;boohoo;youthfully vice;instead;but neutralize;whenever;knowledgeable phooey;roust till;for excommunicate;phew;GHS;drat toothpick;whose sad;recent unkempt type;reassess mmm;bright vol brr;provided modulo thankfully;woot;round scarify nitrify;taut happy bashfully;midst pace;wig;about impanel intercede;as too provided;declare because phew;pointed until as;although pretty;determined hot;whether;hence so;celsius winged;uh-huh yesterday fortunately;vastly;selfishly coexist phooey;competent carelessly rapid;lookout;moist judgementally hm;horn;ew dismal;who vacantly;pfft;miserly;boo fixed;neighbourhood;pfft fan;zealous;plum ack harmful;yowza;after dramatize;pal;shocked;unimpressively geez;past debate;ouch through;pfft;E Main;overflight astride;sedately harsh heavenly;upbeat smooth course;ugh subdue;torment;famous for;nice;fooey;whenever;battery feedback;wearily qua;impractical;tensely orbit huzzah;LC;cayenne envious;yummy vivid;preen crossly;Gastonton;347.479.7805;dollop deliberately;viciously;suspect energetically ick;beyond oh;closely;wearily;solvency ha yuck;gosh;clay boo;urgently yahoo;carefully;milk oyster an;zucchini;phew yuck;wide-eyed;instantly commonly;meh or and;excepting;notwithstanding;brochure athwart greedily;poise really;scarily barring messy;jealously yippee indeed;college lazily soil;upwardly;active;after shyly;anenst swoop inside;uh-huh trigonometry ick;meet unwelcome ew;before;offensively brushfire;instead oh
bbad2403-c168-4191-bedd-387856f40d9f;dancer gee crew;2024-05-01T12:37:00;2024-05-02T08:18:08;2024-05-01T11:44:09;2024-05-01T17:40:15;2024-05-02T04:12:07;2024-05-01T17:30:23;2024-05-01T10:59:53;2024-05-02T05:15:54;2024-05-01T16:25:48;2024-05-01T21:36:59;2024-05-02T06:20:31;2024-05-01T13:37:27;2024-05-01T08:53:14;12635;231;32350;5263;28915;14063;29182;2894;5604;10970;19659;23319;27065;5920;28551;32630;31659;20866;8120;22227;6876;29588;18717;1464;20591;17085;18851;3532;16824;11223;30879;30284;15977;4457;9373;24689;15351;21549;7583;26039;4877;21868;1723;20515;26595;17345;15225;26566;4119;5766;14745;10820;6763;11241;24711;29458;16333;23425;30882;19995;9707;19208;21722;9618;12339;24635;14335;29520;9837;8545;3194;19889;sag;for obediently aha;astride greatly;next brag;within fast;upon;husband gadzooks diligently;yahoo gem migrant;or considering bashfully;stylish quaintly unbearably;confiscate;rice;since failing initialize;member infinite;vice;obvious boohoo eek;provided round;Glenna.Blanda@hotmail.com;impish bake and;grasp pish vast;thought;easily;whereas;physically furthermore white;brew how;nonsense aboard;creepy enlightened kiddingly;unless ack rapidly;ugh;instead sew;30911;inasmuch destination;likewise;K;apropos around owlishly;stepping-stone cajole;trivial provided whoever;sympathetically;support dimly meet;mmm duh;toboggan angrily;yet reflecting into;well-documented into;after idolized certainly;boohoo by;endeavor overshadow amidst;kindly for vellum;phooey whose;although meh;times instead dearly;kitty;fumbling hubcap;airfield round;deify qua indeed;NZD;seldom vestment;academics uh-huh cabin;await;inasmuch up;pfft proud;while;unto;flamboyant uh-huh;overcook easily;lazily athwart;jacket ha;unkempt greatly gleefully;decriminalise;rainy ah;uh-huh bowdlerise;sash;yahoo across;vaguely incidentally boo;thankful throughout coaxingly;as;nor;swift;excluding tempo like;loose scented;till;madly tango;even replica blah;why than;boring total hmph;aha the the;made-up release;condescend hmph gee;bag zowie;chime thoughtfully hugger;queasy fourths wavy;keystone about what;or;confound;limply actually past;searchingly pannier;gleaming trumpet dismal;materialize frog;provided;abnormally classic;Lincoln Avenue;likewise frantically;amidst incidentally kookily;responsible but solicit;furiously;inasmuch;concerning failing;wetly lest reader;a promptly;furthermore bother fooey;beyond geez;unnecessarily;inborn;which generally abnormally;AW;fortress;intubate;attainment after grumpy;Breitenbergberg;1-208-457-4968 x0741;that enraged aside;opposite blah;irritably wildly before;default engage;health-care cc;with;overextend furiously sans;towards;majestically;meh;shameless;cozy bah fanlight;blare;chop cupola;while dim;monthly aboard;lest;squirt hence perfectly;greatly lightly;questioningly omnivore;yowza likewise;relent doting plus;alongside hence;med afterwards;forenenst pro;clink;watchful legislate;seriously internationalize hence;funny utter proselytize;limply;webbed pumpkin ingest;phooey regular;furthermore gosh
157be2d0-63b6-40e8-8246-a2455f3f6eec;furthermore;2024-05-01T22:24:07;2024-05-01T21:29:55;2024-05-01T09:09:09;2024-05-01T11:56:55;2024-05-02T00:34:39;2024-05-01T19:30:20;2024-05-01T09:51:45;2024-05-01T20:17:08;2024-05-01T16:35:43;2024-05-02T07:29:38;2024-05-01T15:05:58;2024-05-01T09:14:08;2024-05-01T14:06:09;25136;479;28841;27866;1469;31014;21886;17060;6603;29793;7170;22623;2777;13950;27790;21600;20607;1387;15536;32707;15956;7732;12905;22581;29191;198;3421;11866;17993;22104;29614;231;25743;31482;17795;16020;16771;21679;24903;28;17402;22751;9189;19946;1059;23854;9287;30129;911;25791;11675;28337;16720;4019;5488;94;24138;29354;28611;3235;30649;16516;22050;12430;6572;25037;17325;2501;24965;19854;10397;1813;simple;gadzooks junket fruit;though ick excluding;fearful soon;blah;whoever reassuringly fixed;oregano restfully;excellent so down;ah papaya forearm;visitor gesture prior;since brr rotten;qua massive grub;near parlay even;blah pish;through powerfully;accidentally;favour scarcely;Margarete.Klein-Ruecker@yahoo.com;tingle once ritualise;as;stagnate majestically oncology;nervously cruelly;per;kissingly following via;furthermore tint;frost;bomb bolt;spec up when;meh since;disclaim pool ferociously;36242;drat;boohoo;L;gift;meanwhile high mmm;fortunately on terminal;after first dynamite;ack comport;between;whoa elementary skulk;poker;times fooey unnatural;consulate;burgle abate;attach pottery although;sensibility;left rigid summons;brr without fulfill;spiral joyfully;physically steel;fishnet loudly carotene;shyly;bandy slider zealous;WST;chew;fake;repentant;mark;tensely which;or thrifty;yowza replacement;afore aircraft vainly;nursery conventional;under inside unfortunately;sip recap;blend because reliable;after;abaft;anchored jovially;gosh phooey a;contradict;for roster;similar geez prospect;incidentally;yawningly after;pish;vapid rat whopping;voluntarily colorfully;bewitched forenenst;geez than backfill;viciously greedy elegantly;sue;the cop;curiously;yew nifty athwart;where;hm aha fog;bubbly worst limply;across pertinent;supposing;complex;mature afore;times;format;phooey speedily;blissfully nervously;fill outside;encash group;Mohr Knoll;yippee;pace;monthly;furthermore skinny deactivate;bound;supposing hence amidst;even;positively;when why boogeyman;when;behind yippee;properly instead;probe although;GA;at yippee repeatedly;worn;openly;Charityfurt;720-786-6845 x45623;toward;terrify;superb;arctic truly honeybee;cameo;an;mastermind;since lazily;ack;theater delightful;fetus whose sheathe;hm terribly considering;ew ick;phew service;round;meanwhile adolescent meh;conversation politely massive;meanwhile zowie beyond;innocence;quirkily yippee;massive;gab unethically opposite;quirkily;zowie incidentally deliberately;since purse;excluding since;ew knottily unexpectedly;well millet;knowledgeably;opposite deserted;nicely latte;modulo elated;sharp halloo gadzooks
1dd9de57-99f7-46e5-9fc4-1e47df92b4d3;suspiciously;2024-05-01T13:11:14;2024-05-01T11:31:46;2024-05-01T21:52:45;2024-05-01T10:49:05;2024-05-01T22:20:22;2024-05-02T03:35:44;2024-05-01T10:48:54;2024-05-01T17:32:54;2024-05-01T17:30:11;2024-05-02T02:40:14;2024-05-01T12:53:13;2024-05-02T02:41:39;2024-05-02T01:23:11;29878;27123;28791;29908;29573;26938;11542;20267;24880;9263;11455;893;13365;322;6226;17444;9655;32139;4683;31747;23799;25174;23429;20868;7270;27215;9106;3062;9948;2403;17140;32236;2586;16152;25613;24856;19886;29799;19560;12061;20584;18702;17472;26675;27290;1492;31247;24699;18749;8805;17458;11022;31688;14646;7382;20318;10679;8438;24013;21321;8239;1340;27723;14086;20451;23586;24968;9644;10914;12913;32017;32118;aw;pesky solemnly till;or;apropos;considering euphoric;placement repulsive;thaw;beneath;far;aha;scientific um but;tiny relegate;even everybody meaningfully;to given;well-to-do swift;whoever;freelance;Aida.King48@hotmail.com;likewise minister;against;until;down lightly however;worth;immobilise;often;serious likewise;capital with;short;for ouch adviser;slowly oh majestically;45332;boohoo frantically mostly;main;₨;always geyser;keel;inversion;meanwhile masculinise an;greedily though;er gee knottily;slippers;subtitle probe;lazily;readily;adapt gadzooks although;sheep bode atomise;duh defiantly;divine even uphold;freshen glamorous;boohoo boohoo drat;boohoo;now delude;when deeply;because amusing;DKK;fiercely eek;ouch;euphoric nautical;chocolate furthermore;relieved mezzanine;physically;architecture;puncture puzzled save;excluding;hm apud minty;regarding;boohoo as;whenever;lest;town;what openly consequently;quirkily wherever aw;atop;happy-go-lucky gadzooks;recreate classroom;brr;glamorous wrongly;commonly;only;shrilly award;greedily left;furthermore love;possession loosely odyssey;cooperative;an on honestly;times fortunate apropos;repeatedly;pedal however;authentication after;around amidst;spear ghostwrite bait;flay likewise spectate;circa instrument;depict cheerfully;keyboard unimpressively readily;that now whenever;cradle imagination as;compromise;acidly;West Lane;infatuated gadzooks mosey;geez speedily or;vastly beneath;gripe;hence;uncomfortable lap;shameless;knight;demo whether uh-huh;enthusiastically garner;mailing and;tangible inquisitively;er so flick;PY;now;barstool yearly;near;Abigayleport;424.856.1227 x2414;optimistically er defiantly;whoa selfish absent;third;upset;psst;whenever;yet caring abaft;decriminalize unruly fooey;marines;next;poorly;jubilantly;regularise truthfully phew;solemnly yet quirky;versus ew;qua startle;supposing save;deceivingly what;audit well-made implore;fast;favor shrill;dop;radiant race;between rotating;verbalise blond crossly;who fortunately;punctually;meadow;worth actual;beside finally;speedily;quickly corny lead;finally wren likely
43d744a6-17ab-463e-8ca8-5c9e66a8ab88;droopy;2024-05-01T19:25:04;2024-05-01T09:17:43;2024-05-01T09:20:05;2024-05-02T06:41:29;2024-05-02T02:28:03;2024-05-01T10:59:09;2024-05-02T05:31:23;2024-05-02T00:47:34;2024-05-02T03:50:42;2024-05-02T06:56:02;2024-05-01T23:53:30;2024-05-01T10:59:07;2024-05-02T05:15:59;27353;19839;6264;2148;2265;9377;17883;9458;543;3050;29733;8828;8000;23135;23825;8130;26011;5849;29166;15217;3447;9900;5467;18071;6941;4061;28502;26757;2897;15615;6397;25014;27397;22587;30295;1584;25738;31677;30892;29393;23353;24308;24593;3595;27781;30192;11379;3434;2530;8124;10065;7121;5881;29166;21649;13326;11921;7668;16884;13001;19714;5808;11836;26004;14759;9316;27386;10251;23281;12731;25481;7266;uh-huh;ick;immediately;inconsequential rearm a;handsome;since ew join;concerned moose;ack canine or;shocking fooey;yum yearly after;brag;camper;pro;attorney vet ack;disbar now;very with once;detach shady instinct;Kaitlin_Hagenes@gmail.com;uh-huh fondly assign;huzzah even;daintily excepting yahoo;mandarin;phew where meddle;obnoxiously;through;about brain;alive sally blah;bah during outdistance;kindheartedly cuff;amidst;71154;across miaow beside;wherever aha black-and-white;J$;boo formal;pad alongside;however pfft at;modulo;meanwhile cable;if chaperon blah;if lively intentional;full about;even plain religion;given mmm;from washtub undock;empty;near;develop;after roost rib;around down;till write cook;canine satellite;when ultimately;instead clunk why;TTD;the mild sometimes;upon overconfidently;periodic huzzah consign;patience accountability;psst;meanwhile vice meh;indeed drat cornflakes;quartet;elope;versus jam-packed regarding;gratefully hence;without;ouch;especially gee;overemphasize aggravate payoff;happy illustrious drat;gosh;demystify outside aw;deliberately veg charset;voting jellybeans spud;dehydrate yuck super;vaguely;know-how worshiper heartfelt;gee;interconnection nocturnal bruised;downright;midline yuck though;gloom apropos;diffuse posit;aw failing;aggravating officially;cheerfully gracefully vivaciously;indeed;er wildebeest;geez ringed uh-huh;notable;ack bonus;assign;loosely desert bough;great-grandfather;gah;commemorate aw for;sharp swab;remark than;Marilyne Oval;footage rotating;canalise;until including brightly;distinct down;parameter;whoever however;too;floozie;seemingly;not times;incidentally seriously master;outplay broadly;into;DK;inasmuch down meanwhile;once;pace appear consequently;North Ransom;768-896-5680 x66383;aha;which;airlift drat bravely;outside rare;mmm whenever limply;pottery;caring jealously yowl;near;worriedly dory stink;likewise if next;manhunt;dehumanise forceful;yowza upliftingly bed;hence usually;charity content;exactly rowing impala;ah algorithm;alongside;acknowledgment;why psst convince;snowsuit glittering;mould;ew ouch;afterwards;calve;though naturalisation on;but;duh serialise;scholarly likely into;peaceful;oh headache frost;gah;perfumed helpfully as
85a5b2e5-9fbe-49b0-aa7c-19f39d523cda;sparse tamper;2024-05-02T04:40:52;2024-05-02T06:39:31;2024-05-01T12:03:30;2024-05-02T07:08:52;2024-05-01T20:30:54;2024-05-01T19:43:41;2024-05-02T01:32:27;2024-05-01T22:58:51;2024-05-02T07:53:46;2024-05-02T03:50:16;2024-05-01T09:55:36;2024-05-01T17:40:20;2024-05-01T12:53:26;32673;12161;20951;12662;7079;26671;7934;2799;2467;25299;2509;23931;14390;18329;10520;19162;22804;28710;9339;24117;27189;31236;4995;2770;14354;13670;22326;10063;22251;6174;26642;25320;9848;14141;9551;22986;16335;1394;24601;28264;17721;20922;9547;26283;11262;75;15781;28722;8079;18336;9407;15952;10927;18122;23038;15657;1408;16381;14294;6195;10624;24464;1126;16549;25605;21160;25981;25490;18299;3765;13313;22095;freely if;kick-off lively proper;apropos maelstrom;when;symptomize;judgementally obnoxiously drat;immure beverage penalty;unwind;courageous;rumple black how;minus palpate organising;psst set;honest researcher;beautiful;shrilly terribly mild;uneven;boldly lopsided;Lacey26@yahoo.com;enshrine forestall who;bare city opposite;or;short yum nor;mill although;thankfully;gadzooks fringe;gleaming refocus;serialise;scroll tease gadzooks;bungle damp;maim unknown;68769;woot not;unity continuity crossly;₹;result streamline;son;bossy;nurture amazing;alongside but among;violently;justly dark;ah;whereas;gladly seriously;joint;unnecessarily;growing boot since;procurement;powerfully;psst notwithstanding prattle;hmph;makeup gladly so;after;isogloss ick;EUR;caffeine mmm;till;faraway;yummy;thresh beneath;apropos pfft prove;valiantly con why;over pfft air;rub mid;questioner ample germinate;though;however;round rudely;with;mewl;yahoo backfire;pilot;forebear ouch;sans;nicely;wherever;phooey indeed;far-flung;or;before joyous;rubbery nerve;faint slop;provided;transact;eek indeed wax;notarise frightened federation;unless gruesome;trace alongside dentist;boohoo upward instead;immense toss ability;ha;as;which gah investigator;ew waive initialise;smug rendezvous um;geez;hairy boost yuck;until though;fast;Lockman Square;octagon who;backfire unlock;who;sheer now whereas;ideate mmm yearningly;across gee ha;although envy sully;copper;around yet;rendezvous off failure;utterly athwart panpipe;alcove gosh;before apud till;MO;for past gadzooks;nautical bah passivise;gah probability keenly;Abnerborough;1-663-579-8600 x2921;furiously yuck past;alive peppery above;wrench worthless sweetly;intermarry shakily conform;countersign mechanically;brr;drat;ethics;after politely;immediate wiry aboard;execute wherever;beneath phew;as whose;sleeping outside;mellow outside;despite less thrush;ack ouch;remainder;urban;pish;limping;reasonable;mmm qua regarding;hefty;mellow;harmonise polished;why;supposing;shanghai;near;sandbag failing;unto;bravely
679a34a0-fa10-4df3-8ac4-d7427932d71a;pollard;2024-05-01T20:55:54;2024-05-01T23:59:10;2024-05-02T01:14:04;2024-05-01T16:41:34;2024-05-02T06:34:02;2024-05-01T22:22:50;2024-05-02T07:29:18;2024-05-02T00:29:05;2024-05-02T01:35:04;2024-05-02T05:30:53;2024-05-01T15:56:30;2024-05-01T20:31:37;2024-05-01T14:57:06;30675;13585;18102;17875;6371;11718;26247;29369;15416;23588;12690;4336;32497;1751;25862;825;11080;30362;11549;22519;10200;19366;25565;71;24425;15552;29982;5971;9636;10673;27615;19902;25820;28175;16964;12758;22599;17048;15504;19988;18079;14570;21334;7628;29230;27216;2622;24283;32470;23844;6592;12338;31870;12398;1875;30504;3194;6223;13445;29854;17729;8870;4165;28980;24293;17436;4965;19627;18389;23994;29696;22958;immediately gah;fast construction;steep loudly daffodil;while;known gee unlike;monument but;whereas shepherd;willfully whoosh lest;almost;processing brr;sling;flowery until kissingly;syndicate coaxingly;drainage over buzzard;half consequently queasily;vista misguided;watcher joyfully;Abigale_Barrows@gmail.com;bah save what;even minus;muffled;grounded;blah justification concrete;ick knowledgeably sorrowful;how;grotesque aha proper;woot boiling;above unfasten;undertake end flamboyant;kaleidoscopic boohoo recliner;49019-6746;enthuse university likewise;suburban;₺;shadowy sire liquid;neighboring;please periodic;triumphantly super;gah since;dig;branch drat;usefully oof;inside through;a towards verbally;waterlogged needily;deeply;ugh;wrongly;pish;woot;eek coarsen healthily;rhyme charming;kid;psst;SGD;brr;aha;by;awkwardly failing;nor yowza sedately;oof;clever meanwhile;drat;boo train aboard;putter;while;save;that declassify through;how quarterly by;toast prepare;psst;the hm;even below;oof considering merrily;interestingly favour;boohoo;mammoth;pish station finally;scary;verbally even;fooey hm consequently;positively;mmm;happily;mockingly temperature;droopy enter;around;deceivingly um;whoa;against;but pliers;wherever curiously polite;lacquer save broadcast;finally;soon;upliftingly buggy ugh;whoa expert between;generously doctor;once boo;Dennis Rapids;zealous;restore how individualise;ha teeming;at a after;suburban son cheerfully;properly;drat adolescent;yuck;somersault;adulterate;consequently boo fabulous;and huzzah onto;well-off beautiful;TH;plush;loyally if veto;solidly frequent compete;Imaniworth;960-470-3618 x3305;afore accessorize tulip;rewarding yet ick;circle;yawl pasture;sheepishly;between blurt;oh than;identical;bus;combination near;people far;shrivel ha;furiously;ick;phooey defenseless;refund snob worth;mid;sour during;generally;aggressive;in pip;onto;questionably for;past creative;whole yum;mortally draft yet;scarcely um beside;fully;since ugh mature;geez;yearningly finally;meh;gosling
9280daf1-a6e0-409b-a01e-ea35bb33c96f;pie condominium misspend;2024-05-02T02:48:43;2024-05-01T10:25:55;2024-05-01T08:58:46;2024-05-01T17:10:02;2024-05-01T20:50:13;2024-05-02T02:50:31;2024-05-01T12:04:45;2024-05-01T23:59:19;2024-05-02T01:48:14;2024-05-01T19:34:21;2024-05-01T20:17:14;2024-05-01T23:49:27;2024-05-01T15:32:38;2712;8459;3730;9473;22279;26144;11287;17779;24437;3944;13662;11134;30937;13953;1787;29527;8755;20855;31198;27289;5273;19699;25329;8412;15042;25934;6437;19446;7958;26672;9826;16232;11022;26460;14481;30159;20241;25844;8980;9919;26959;3322;25029;22930;32728;17696;27095;23147;3991;11036;24539;25180;10815;25940;9224;20483;14823;1604;21670;11557;21750;22764;24186;7665;5470;12188;32568;15941;22645;9141;22255;1952;visual when camera;of hasten command;gah;after;lest worriedly;considering;likewise trusty;divorce;ew;instantly if unethically;after;when;ack duh;closely taut against;boohoo;given woot;around apropos phooey;Naomi_Wilderman58@hotmail.com;rubbery barring;babyish program;whoever;uh-huh;wooden;austere whispering athletic;pfft and;nab;gesture statute;per moist;and soon gah;same aircraft unpleasant;32565-9656;boo province until;entrench inside near;₨;likewise confectionery;inequality refuse recharge;failing;consequently up whoever;unabashedly humongous;till cautiously minus;numeracy;because;arrogantly now so;duh;rethink mockingly safely;qua if professional;far yowza tenderly;dreamily;duh;countermand;digital calmly save;painfully slippery almost;considering while;scarcely;MYR;over that;pompom;urgently;failing if reduction;jaggedly nasal yet;ah like shabby;farrow minus ick;everlasting fake mince;elegantly;oof about;ship;versus trifling amidst;qualify server;zowie far;unbearably um which;where;putt;whenever consequently;silly authentic;downshift fast under;well-made phooey;on;rake irritably;clerk;while partially yawningly;gem while;regularly greatly;yowza retrofit splendid;inventory yippee afore;nor;trinket mistrust coaxingly;gosh;naturally;knowingly;manacle;socks;barring;but besides yesterday;lurk discredit witty;than inventory surroundings;underneath what;wherever annual consulate;for inasmuch;faraway outfit;N Pearl Street;duh and;stealthily overclocking;phooey;blissfully rotten lottery;wherever;ferociously rosin below;whereas for;lunge phew witch-hunt;atop huzzah;livestock deeply soon;pfft blindside;drat ew;foolishly;CA;rubbish;heart-throb;who;Thaliafort;283-778-1310 x50519;wildly;presume black-and-white modulo;chili;blind eek;below;meaningfully ravage provided;squint meh;tangible amidst judgementally;prop boil gird;disinvest into;aw where until;yippee clam gleefully;cautiously optimistically querulous;fork allege;birch sick carefully;provided microwave afore;tongue;scanner lid;ouch;sans;nor wary why;gosh;blindly growling;dither oh;fumbling;even obfuscate scold;worth victoriously;nor quarry;sweetly huzzah um;normalize intone ouch;psst;against tinderbox;complete
